Accuracy,Precision,Recall,F-Score,AUC,Average Log Loss,Training Log Loss
0.674181818181818,0.656618610747051,0.729257641921397,0.691034482758621,0.721146034325175,0.645111803177254,6.93000456387053
