Accuracy,Precision,Recall,F-Score,AUC,Average Log Loss,Training Log Loss
0.773090909090909,0.766714082503556,0.784570596797671,0.775539568345324,0.825217494329914,0.513603852547429,25.9025986237712
