Accuracy,Precision,Recall,F-Score,AUC,Average Log Loss,Training Log Loss
0.773090909090909,0.765957446808511,0.786026200873362,0.775862068965517,0.824491807995667,0.513324521281539,25.9428976223534
