Accuracy,Precision,Recall,F-Score,AUC,Average Log Loss,Training Log Loss
0.773090909090909,0.766714082503556,0.784570596797671,0.775539568345324,0.825198452997529,0.513453867682355,25.9242368741321
