Accuracy,Precision,Recall,F-Score,AUC,Average Log Loss,Training Log Loss
0.714909090909091,0.698519515477793,0.755458515283843,0.725874125874126,0.768699646254358,0.626982532924314,9.54550639067238
