Accuracy,Precision,Recall,F-Score,AUC,Average Log Loss,Training Log Loss
0.711272727272727,0.68979057591623,0.767103347889374,0.726395589248794,0.763335279780644,0.637115674423243,8.08360253398554
