Accuracy,Precision,Recall,F-Score,AUC,Average Log Loss,Training Log Loss
0.714909090909091,0.698519515477793,0.755458515283843,0.725874125874126,0.768586456111845,0.627257404859967,9.50585073769757
