Accuracy,Precision,Recall,F-Score,AUC,Average Log Loss,Training Log Loss
0.765090909090909,0.754189944134078,0.786026200873362,0.769779044903777,0.861572687112826,0.461207799828712,33.4617540498304
