Accuracy,Precision,Recall,F-Score,AUC,Average Log Loss,Training Log Loss
0.769454545454546,0.759103641456583,0.788937409024745,0.773733047822983,0.862551200027081,0.460116018507562,33.6192648597028
