Accuracy,Precision,Recall,F-Score,AUC,Average Log Loss,Training Log Loss
0.766545454545455,0.757022471910112,0.784570596797671,0.770550393137956,0.861343133272401,0.461419670113457,33.4311876172568
